"emp_no","last_name","first_name"
10282,"Benzmuller","Hercules"
11337,"Brendel","Hercules"
20780,"Baranowski","Hercules"
21870,"Barreiro","Hercules"
38161,"Baer","Hercules"
89382,"Bernardinello","Hercules"
89844,"Basagni","Hercules"
90712,"Biran","Hercules"
210097,"Bernatsky","Hercules"
213553,"Bail","Hercules"
236650,"Birge","Hercules"
241391,"Bisiani","Hercules"
250175,"Bodoff","Hercules"
276181,"Biron","Hercules"
279195,"Buchter","Hercules"
294352,"Bain","Hercules"
435221,"Bahr","Hercules"
438081,"Baak","Hercules"
461517,"Benantar","Hercules"
482148,"Berstel","Hercules"
